{
  "x": 263,
  "y": 6656.049987792969,
  "width": 250.6666717529297,
  "height": 27
}