{
  "x": 263,
  "y": 5964.149993896484,
  "width": 250.6666717529297,
  "height": 27
}