{
  "x": 263,
  "y": 6655.549987792969,
  "width": 250.6666717529297,
  "height": 27
}